<?xml version="1.0" encoding="UTF-8"?>
<!DOCTYPE dcm4chee-attribute-filter SYSTEM "dcm4chee-attribute-filter.dtd">
<dcm4chee-attribute-filter>
    <!--
    <soundex class="org.dcm4che2.soundex.Soundex" trailing-wildcard="false"/>
    <soundex class="org.dcm4che2.soundex.ESoundex"/>
    <soundex class="org.dcm4che2.soundex.ESoundex2"/>
    -->
    <soundex class="org.dcm4che2.soundex.KPhonetik"/>
    <!--
    <soundex class="org.dcm4che2.soundex.Metaphone"/>
    <soundex class="org.dcm4che2.soundex.Phonem"/>
    -->
  <patient>
    <attr tag="00080005"/> <!-- Specific Character Set -->
    <attr tag="00081120"/> <!-- Referenced Patient Sequence -->
    <attr tag="00100010" case-sensitive="false"/> <!-- Patient's Name -->
    <attr tag="00100020"/> <!-- Patient ID -->
    <attr tag="00100021"/> <!-- Issuer of Patient ID -->
    <attr tag="00100040"/> <!-- Patient's Sex -->
    <attr tag="00100030"/> <!-- Patient's Birth Date -->
    <attr tag="00100032"/> <!-- Patient's Birth Time -->
    <attr tag="00101000"/> <!-- Other Patient IDs -->
    <attr tag="00101001"/> <!-- Other Patient Names -->
    <attr tag="00101060"/> <!-- Patient Mothers Maiden Names -->
    <attr tag="00102160"/> <!-- Ethic Group -->
    <attr tag="00101002"/> <!-- Other Patient IDs Sequence -->
    <attr tag="00104000"/> <!-- Patient Comments -->
    <attr tag="00120010"/> <!-- Clinical Trial Sponsor Name -->
    <attr tag="00120020"/> <!-- Clinical Trial Protocol ID -->
    <attr tag="00120021"/> <!-- Clinical Trial Protocol Name -->
    <attr tag="00120030"/> <!-- Clinical Trial Site ID -->
    <attr tag="00120031"/> <!-- Clinical Trial Site Name -->        
    <attr tag="00120040"/> <!-- Clinical Trial Subject ID -->        
    <attr tag="00120042"/> <!-- Clinical Trial Subject Reading ID -->        
    <attr tag="00380500"/> <!-- Patient State -->
    <attr tag="0040050A"/> <!-- Specimen Accession Number -->        
    <attr tag="00400550"/> <!-- Specimen Seq --> 
  </patient>
  <exclude-patient exclude="true" tsuid="1.2.840.10008.1.2.1.99">
    <attr tag="00081120"/> <!-- Referenced Patient Sequence -->
    <attr tag="00100010"/> <!-- Patient's Name -->
    <attr tag="00100020"/> <!-- Patient ID -->
    <attr tag="00100021"/> <!-- Issuer of Patient ID -->
    <attr tag="00100040"/> <!-- Patient's Sex -->
    <attr tag="00100030"/> <!-- Patient's Birth Date -->
    <attr tag="00100032"/> <!-- Patient's Birth Time -->
    <attr tag="00101000"/> <!-- Other Patient IDs -->
    <attr tag="00101001"/> <!-- Other Patient Names -->
    <attr tag="00101060"/> <!-- Patient Mothers Maiden Names -->
    <attr tag="00102160"/> <!-- Ethic Group -->
    <attr tag="00101002"/> <!-- Other Patient IDs Sequence -->
    <attr tag="00104000"/> <!-- Patient Comments -->
    <attr tag="00120010"/> <!-- Clinical Trial Sponsor Name -->
    <attr tag="00120020"/> <!-- Clinical Trial Protocol ID -->
    <attr tag="00120021"/> <!-- Clinical Trial Protocol Name -->
    <attr tag="00120030"/> <!-- Clinical Trial Site ID -->
    <attr tag="00120031"/> <!-- Clinical Trial Site Name -->
    <attr tag="00120040"/> <!-- Clinical Trial Subject ID -->
    <attr tag="00120042"/> <!-- Clinical Trial Subject Reading ID -->
    <attr tag="00380500"/> <!-- Patient State -->
    <attr tag="0040050A"/> <!-- Specimen Accession Number -->
    <attr tag="00400550"/> <!-- Specimen Seq -->
  </exclude-patient>
  <study>
    <attr tag="00080005"/> <!-- Specific Character Set -->
    <attr tag="00080020"/> <!-- Study Date -->
    <attr tag="00080030"/> <!-- Study Time -->
    <attr tag="00080050"/> <!-- Accession Number -->
    <attr tag="00080051"/> <!-- Issuer of Accession Number Sequence -->
    <attr tag="00080090" case-sensitive="false"/> <!-- Referring Physician Name -->
    <attr tag="00080096"/> <!-- Referring Physician Identification Seq -->
    <attr tag="00081030" case-sensitive="false"/> <!-- Study Description -->
    <attr tag="00081032"/> <!-- Procedure Code Seq -->
    <attr tag="00081048"/> <!-- Physician(s) of Record -->
    <attr tag="00081049"/> <!-- Physician(s) of Record Identification Seq -->
    <attr tag="00081060"/> <!-- Name of Physician(s) Reading Study -->
    <attr tag="00081062"/> <!-- Physician(s) Reading Study Identification Seq -->
    <attr tag="00081080"/> <!-- Admitting Diagnoses Description -->
    <attr tag="00081084"/> <!-- Admitting Diagnoses Code Seq -->        
    <attr tag="00101010"/> <!-- Patient's Age -->
    <attr tag="00101020"/> <!-- Patient's Size -->
    <attr tag="00101030"/> <!-- Patient's Weight -->
    <attr tag="00102180"/> <!-- Occupation -->
    <attr tag="001021B0"/> <!-- Additional Patient’s History -->
    <attr tag="00120050"/> <!-- Clinical Trial Time Point ID -->
    <attr tag="00120051"/> <!-- Clinical Trial Time Point Description -->
    <attr tag="0020000D" coerce="false"/> <!-- Study Instance UID -->
    <attr tag="00200010"/> <!-- Study ID -->
    <attr tag="0032000A"/> <!-- Study Status ID -->
    <attr tag="0032000C"/> <!-- Study Priority ID -->
    <attr tag="00321030"/> <!-- Reason For Study -->
    <attr tag="00324000"/> <!-- Study Comments -->
    <attr tag="00380300"/> <!-- Current Patient Location -->
    <attr tag="00401008"/> <!-- Confidentiality Code -->
  </study>
  <series>
    <attr tag="00080005"/> <!-- Specific Character Set -->
    <attr tag="00080021"/> <!-- Series Date -->
    <attr tag="00080031"/> <!-- Series Time -->
    <attr tag="00080060"/> <!-- Modality -->
    <attr tag="00080068"/> <!-- Presentation Intent Type -->
    <attr tag="00080070"/> <!-- Manufacturer -->
    <attr tag="00080080" case-sensitive="false"/> <!-- Institution Name -->
    <attr tag="00080081"/> <!-- Institution Address -->
    <attr tag="00080082"/> <!-- Institution Code Sequence -->
    <attr tag="00081010" case-sensitive="false"/> <!-- Station Name -->
    <attr tag="0008103E" case-sensitive="false"/> <!-- Series Description -->
    <attr tag="00081040" case-sensitive="false"/> <!-- Institutional Department Name -->
    <attr tag="00081050" case-sensitive="false"/> <!-- Performing Physicians' Name -->
    <attr tag="00081052"/> <!-- Performing Physician Identification Seq -->
    <attr tag="00081070"/> <!-- Operators' Name -->
    <attr tag="00081072"/> <!-- Operator Identification Seq -->
    <attr tag="00081090"/> <!-- Manufacturer Model Name -->
    <attr tag="00081111"/> <!-- Referenced Performed Procedure Step Sequence -->
    <attr tag="00081250"/> <!-- Related Series Sequence -->
    <attr tag="00120060"/> <!-- Clinical Trial Coordinating Center Name -->
    <attr tag="00180015"/> <!-- Body Part Examined -->
    <attr tag="00181000"/> <!-- Device Serial Number -->
    <attr tag="00181010"/> <!-- Secondary Capture Device ID -->
    <attr tag="00181016"/> <!-- Secondary Capture Device Manufacturer -->
    <attr tag="00181018"/> <!-- Secondary Capture Device Manufacturer's Model Name -->
    <attr tag="00181019"/> <!-- Secondary Capture Device Software Version -->
    <attr tag="00181020"/> <!-- Software Versions -->
    <attr tag="00181030"/> <!-- Protocol Name -->
    <attr tag="00181050"/> <!-- Spatial Resolution -->
    <attr tag="0018106A"/> <!-- Synchronization Trigger -->
    <attr tag="0018106C"/> <!-- Synchronization Channel -->
    <attr tag="00181200"/> <!-- Date of Last Calibration -->
    <attr tag="00181201"/> <!-- Time of Last Calibration -->
    <attr tag="00181800"/> <!-- Acquisition Time Synchronized -->
    <attr tag="00181801"/> <!-- Time Source -->
    <attr tag="00181802"/> <!-- Time Distribution Protocol -->
    <attr tag="00181803"/> <!-- NTP Source Address -->
    <attr tag="0020000E" coerce="false"/> <!-- Series Instance UID -->
    <attr tag="00200011"/> <!-- Series Number -->
    <attr tag="00200052"/> <!-- Frame of Reference UID -->
    <attr tag="00200060"/> <!-- Laterality -->
    <attr tag="00200200"/> <!-- Synchronization Frame of Reference UID -->
    <attr tag="00201040"/> <!-- Position Reference Indicator -->
    <attr tag="00280108"/> <!-- Smallest Pixel Value in Series -->
    <attr tag="00280109"/> <!-- Largest Pixel Value in Series -->
    <attr tag="00400244"/> <!-- Performed Procedure Step Start Date -->
    <attr tag="00400245"/> <!-- Performed Procedure Step Start Time -->
    <attr tag="00400253"/> <!-- Performed Procedure Step ID -->
    <attr tag="00400254"/> <!-- Performed Procedure Step Description --> 
    <attr tag="00400260"/> <!-- Performed Protocol Code Sequence -->
    <attr tag="00400275"/> <!-- Request Attributes Sequence -->
    <attr seq="00400275" tag="00321032" case-sensitive="false"/> <!-- Requesting Physician -->
    <attr seq="00400275" tag="00321033" case-sensitive="true"/> <!-- Requesting Service -->
    <attr seq="00400275" tag="00400009" case-sensitive="true"/> <!-- Scheduled Procedure Step ID -->
    <attr seq="00400275" tag="00401001" case-sensitive="true"/> <!-- Requested Procedure ID -->
    <attr tag="00400280"/> <!-- Comments on the Performed Procedure Step -->
    <attr tag="00541001"/> <!-- Units -->
  </series>
  <instance>
        <attr tag="00080005"/> <!-- Specific Character Set -->
        <attr tag="00080008"/> <!-- Image Type -->
        <attr tag="00080013"/> <!-- Instance Creation Time -->
        <attr tag="00080016"/> <!-- SOP Class UID -->
        <attr tag="00080018"/> <!-- SOP Instance UID -->
        <attr tag="00080022"/> <!-- Acquisition Date -->
        <attr tag="00080023"/> <!-- Content Date -->
        <attr tag="0008002A"/> <!-- Acquisition Datetime -->
        <attr tag="00080032"/> <!-- Acquisition Time -->
        <attr tag="00080033"/> <!-- Content Time -->
        <attr tag="00080041"/> <!-- Datset SubType -->
        <attr tag="00080064"/> <!-- Conversion Type -->
        <attr tag="00081115"/> <!-- Referenced Series Sequence -->
        <attr tag="00081140"/> <!-- Referenced Image Sequence -->
        <attr tag="00082111"/> <!-- Derivation Description -->
        <attr tag="00082112"/> <!-- Source Image Sequence -->
        <attr tag="00082120"/> <!-- Stage Name -->
        <attr tag="00082122"/> <!-- Stage Number -->
        <attr tag="00082124"/> <!-- Number of Stages -->
        <attr tag="00082127"/> <!-- View Name -->
        <attr tag="00082128"/> <!-- View Number -->
        <attr tag="00082144"/> <!-- Recommended Display Frame Rate -->
        <attr tag="00180010"/> <!-- Contrast/Bolus Agent -->
        <attr tag="00180020"/> <!-- Scanning Sequence -->
        <attr tag="00180021"/> <!-- Sequence Variant -->
        <attr tag="00180022"/> <!-- Scan Options -->
        <attr tag="00180023"/> <!-- MR Acquisition Type -->
        <attr tag="00180024"/> <!-- Sequence Name -->
        <attr tag="00180050"/> <!-- SliceThickness -->
        <attr tag="00180060"/> <!-- KVP -->
        <attr tag="00180080"/> <!-- Repetition Time -->
        <attr tag="00180081"/> <!-- Echo Time -->
        <attr tag="00180082"/> <!-- Inversion Time -->
        <attr tag="00180083"/> <!-- Number Of Averages -->
        <attr tag="00180090"/> <!-- Data Collection Diameter -->
        <attr tag="00180091"/> <!-- Echo Train Length -->
        <attr tag="00180095"/> <!-- Pixel Bandwidth -->
        <attr tag="00181004"/> <!-- Plate ID -->
        <attr tag="00181060"/> <!-- Trigger Time -->
        <attr tag="00181061"/> <!-- Trigger Source or Type -->
        <attr tag="00181100"/> <!-- Reconstruction Diameter -->
        <attr tag="00181114"/> <!-- Estimated Radiographic Magnification Factor -->
        <attr tag="00181120"/> <!-- Gantry/Detector Tilt -->
        <attr tag="00181130"/> <!-- Table Height -->
        <attr tag="00181140"/> <!-- Rotation Direction -->
        <attr tag="00181150"/> <!-- Exposure Time -->
        <attr tag="00181151"/> <!-- Tube Current -->
        <attr tag="00181152"/> <!-- Exposure -->
        <attr tag="00181153"/> <!-- Exposure in mAs -->
        <attr tag="00181155"/> <!-- Radiation Setting -->
        <attr tag="0018115E"/> <!-- Image Area Dose Product -->
        <attr tag="00181164"/> <!-- Imager Pixel Spacing -->
        <attr tag="00181190"/> <!-- Focal Spot -->
        <attr tag="00181191"/> <!-- Anode Target Material -->
        <attr tag="001811A0"/> <!-- Body Part Thickness -->
        <attr tag="001811A2"/> <!-- Compression Force -->
        <attr tag="00181210"/> <!-- Convolution Kernel -->
        <attr tag="00181250"/> <!-- Receiving Coil -->
        <attr tag="00181251"/> <!-- Transmitting Coil -->
        <attr tag="00181310"/> <!-- Acquisition Matrix -->
        <attr tag="00181312"/> <!-- Phase Encoding Direction -->
        <attr tag="00181314"/> <!-- Flip Angle -->
        <attr tag="00181400"/> <!-- Acquisition Device Processing Description -->
        <attr tag="00181401"/> <!-- Acquisition Device Processing Code -->
        <attr tag="00181600"/> <!-- Shutter shape -->
        <attr tag="00181602"/> <!-- Shutter left vertical edge -->
        <attr tag="00181604"/> <!-- Shutter right vertical edge -->
        <attr tag="00181606"/> <!-- Shutter upper horizontal edge -->
        <attr tag="00181608"/> <!-- Shutter lower horizontal edge -->
        <attr tag="00181610"/> <!-- Center of the circular shutter -->
        <attr tag="00181612"/> <!-- Radius of the circular shutter -->
        <attr tag="00181620"/> <!-- Vertices of the polygonal shutter -->
        <attr tag="00181622"/> <!-- Shutter presentation value -->
        <attr tag="00185100"/> <!-- Patient Position -->
        <attr tag="00185101"/> <!-- View Position -->
        <attr tag="00186000"/> <!-- Sensitivity -->
        <attr tag="00187050"/> <!-- Filter Material -->
        <attr tag="00187060"/> <!-- Exposure Control Mode -->
        <attr tag="00187062"/> <!-- Exposure Control Mode Description -->
        <attr tag="00189087"/> <!-- MR Diffusion b-Value -->
        <attr tag="00189117"/> <!-- MR Diffusion Sequence --> 
        <attr tag="00200012"/> <!-- Acquisition Number -->
        <attr tag="00200013"/> <!-- Instance Number -->
        <attr tag="00200020"/> <!-- Patient Orientation -->
        <attr tag="00200032"/> <!-- Image Position (Patient) -->
        <attr tag="00200037"/> <!-- Image Orientation (Patient) -->
        <attr tag="00200062"/> <!-- Image Laterality -->
        <attr tag="00200100"/> <!-- MR Temporal Position Identifier -->
        <attr tag="00200105"/> <!-- Number of Temporal Positions -->
        <attr tag="00201041"/> <!-- Slice Location -->
        <attr tag="00204000"/> <!-- Image Comments -->
        <attr tag="00209161"/> <!-- Concatenation UID -->
        <attr tag="00209162"/> <!-- In-concatenation Number -->
        <attr tag="00209163"/> <!-- In-concatenation Total Number -->
        <attr tag="00209228"/> <!-- Concatenation Frame Offset Number -->
        <attr tag="00280002"/> <!-- Samples per pixels -->
        <attr tag="00280008"/> <!-- Number of Frames -->
        <attr tag="00280009"/> <!-- Frame Increment Pointer -->
        <attr tag="00280010"/> <!-- Rows -->
        <attr tag="00280011"/> <!-- Columns -->
        <attr tag="00280030"/> <!-- Pixel Spacing -->
        <attr tag="00280100"/> <!-- Bits Allocated -->
        <attr tag="00280102"/> <!-- High Bit -->
        <attr tag="00280103"/> <!-- Pixel Representation -->
        <attr tag="00280120"/> <!-- Pixel Padding Value -->
        <attr tag="00281050"/> <!-- Window Center -->
        <attr tag="00281051"/> <!-- Window Width -->
        <attr tag="00281052"/> <!-- Rescale Intercept -->
        <attr tag="00281053"/> <!-- Rescale Slope -->
        <attr tag="00400302"/> <!-- Entrance Dose -->
        <attr tag="00400316"/> <!-- Organ Dose -->
        <attr tag="0040A032"/> <!-- Observation DateTime -->
        <attr tag="0040A043"/> <!-- Concept Name Code Sequence -->
        <attr tag="0040A073"/> <!-- Verifying Observer Sequence -->
        <attr seq="0040A073" tag="0040A075" case-sensitive="false"/> <!-- Verifying Observer Name -->
        <attr tag="0040A370"/> <!-- Referenced Request Sequence -->
        <attr tag="0040A375"/> <!-- Current Requested Procedure Evidence Sequence -->
        <attr tag="0040A385"/> <!-- Pertinent Other Evidence Sequence -->
        <attr tag="0040A491"/> <!-- Completion Flag -->
        <attr tag="0040A493"/> <!-- Verification Flag -->
        <attr tag="0040A525"/> <!-- Identical Documents Sequence -->
        <attr seq="0040A730" tag="0040A160" case-sensitive="false"/> <!-- Text Value -->
        <attr tag="00420010"/> <!-- Document Title-->
        <attr tag="00420012"/> <!-- MIME Type of Encapsulated Document -->
        <attr tag="00540010"/> <!-- Energy Window Vector -->
        <attr tag="00540011"/> <!-- Number of Energy Windows -->
        <attr tag="00540020"/> <!-- Detector Vector -->
        <attr tag="00540021"/> <!-- Number of Detectors -->
        <attr tag="00540030"/> <!-- Phase Vector -->
        <attr tag="00540031"/> <!-- Number of Phases -->
        <attr tag="00540050"/> <!-- Rotation Vector -->
        <attr tag="00540051"/> <!-- Number of Rotations -->
        <attr tag="00540060"/> <!-- R-R Interval Vector -->
        <attr tag="00540061"/> <!-- Number of R-R Intervals -->
        <attr tag="00540070"/> <!-- Time Slot Vector -->
        <attr tag="00540071"/> <!-- Number of Time Slots -->
        <attr tag="00540080"/> <!-- Slice Vector -->
        <attr tag="00540081"/> <!-- Number of Slices -->
        <attr tag="00540090"/> <!-- Angular View Vector -->
        <attr tag="00540100"/> <!-- Time Slice Vector -->
        <attr tag="00540400"/> <!-- Image ID -->
        <attr tag="00700080"/> <!-- Content Label -->
        <attr tag="00700081"/> <!-- Content Description -->
        <attr tag="00700082"/> <!-- Presentation Creation Date -->
        <attr tag="00700083"/> <!-- Presentation Creation Time -->
        <attr tag="00700084"/> <!-- Content Creator s Name -->
        <attr tag="04000561"/> <!-- Original Attributes Sequence -->
        <attr tag="20500020"/> <!-- Presentation LUT shape -->
        <attr tag="3004000A"/> <!-- Dose Summation Type -->
        <attr tag="30040006"/> <!-- Dose Comment -->
        <attr tag="30060002"/> <!-- Structure Set Label -->
        <attr tag="30060008"/> <!-- Structure Set Date -->
        <attr tag="30060009"/> <!-- Structure Set Time -->
        <attr tag="30080250"/> <!-- Treatment Date -->
        <attr tag="30080251"/> <!-- Treatment Time -->
        <attr tag="300A0002"/> <!-- RT Plan Label -->
        <attr tag="300A0006"/> <!-- RT Plan Date -->
        <attr tag="300A0007"/> <!-- RT Plan Time -->
        <attr tag="52009229"/> <!-- Shared functional group sequence -->
        <attr tag="52009230"/> <!-- Per-frame functional group sequence -->
        <attr tag="60000010"/> <!-- Overlay rows, Overlay 1 -->
        <attr tag="60000011"/> <!-- Overlay columns, Overlay 1 -->
        <attr tag="60000022"/> <!-- Overlay description, Overlay 1 -->
        <attr tag="60000040"/> <!-- Overlay type, Overlay 1 -->
        <attr tag="60000050"/> <!-- Overlay origin, Overlay 1 -->
        <attr tag="60000100"/> <!-- Overlay bits allocated, Overlay 1 -->
        <attr tag="60000102"/> <!-- Overlay bit position, Overlay 1 -->
        <attr tag="60001500"/> <!-- Overlay label, Overlay 1 -->
        <attr tag="60020010"/> <!-- Overlay rows, Overlay 2 -->
        <attr tag="60020011"/> <!-- Overlay columns, Overlay 2 -->
        <attr tag="60020022"/> <!-- Overlay description, Overlay 2 -->
        <attr tag="60020040"/> <!-- Overlay type, Overlay 2 -->
        <attr tag="60020050"/> <!-- Overlay origin, Overlay 2 -->
        <attr tag="60020100"/> <!-- Overlay bits allocated, Overlay 2 -->
        <attr tag="60020102"/> <!-- Overlay bit position, Overlay 2 -->
        <attr tag="60021500"/> <!-- Overlay label, Overlay 2 -->
        <attr tag="60040010"/> <!-- Overlay rows, Overlay 3 -->
        <attr tag="60040011"/> <!-- Overlay columns, Overlay 3 -->
        <attr tag="60040022"/> <!-- Overlay description, Overlay 3 -->
        <attr tag="60040040"/> <!-- Overlay type, Overlay 3 -->
        <attr tag="60040050"/> <!-- Overlay origin, Overlay 3 -->
        <attr tag="60040100"/> <!-- Overlay bits allocated, Overlay 3 -->
        <attr tag="60040102"/> <!-- Overlay bit position, Overlay 3 -->
        <attr tag="60041500"/> <!-- Overlay label, Overlay 3 -->
        <attr tag="60060010"/> <!-- Overlay rows, Overlay 4 -->
        <attr tag="60060011"/> <!-- Overlay columns, Overlay 4 -->
        <attr tag="60060022"/> <!-- Overlay description, Overlay 4 -->
        <attr tag="60060040"/> <!-- Overlay type, Overlay 4 -->
        <attr tag="60060050"/> <!-- Overlay origin, Overlay 4 -->
        <attr tag="60060100"/> <!-- Overlay bits allocated, Overlay 4 -->
        <attr tag="60060102"/> <!-- Overlay bit position, Overlay 4 -->
        <attr tag="60061500"/> <!-- Overlay label, Overlay 4 -->
    </instance>
</dcm4chee-attribute-filter>
