<?xml version="1.0" encoding="UTF-8"?>
<!DOCTYPE server>
<!-- $Id: dcm4chee-xdsi-service.xml 18054 2013-09-16 07:31:39Z javawilli $ -->
<server>
  <classpath codebase="lib" archives="dcm4chee.jar"/>
  <mbean code="org.dcm4chex.archive.xdsi.XDSIService"
    name="dcm4chee.archive:service=XDS-I"
    xmbean-dd="xmdesc/dcm4chee-xdsi-xmbean.xml">
    <attribute name="TimerIDAutoPublish"
      >XdsAutoPublish</attribute>
    <depends>dcm4chee.archive:service=AuditLogger</depends>
    <depends optional-attribute-name="PixQueryServiceName"
      >dcm4chee.archive:service=PIXQuery</depends>
    <depends optional-attribute-name="IANScuServiceName"
      >dcm4chee.archive:service=IANScu</depends>
    <depends optional-attribute-name="KeyObjectServiceName"
      >dcm4chee.archive:service=KeyObjectService</depends>
    <depends optional-attribute-name="SchedulerServiceName"
      >dcm4chee.archive:service=Scheduler</depends>
    <depends optional-attribute-name="TemplatesServiceName"
      >dcm4chee.archive:service=Templates</depends>
  </mbean>
</server>
