<?xml version="1.0" encoding="UTF-8"?>

<!--
     Messaging Destinations deployment descriptor.

     $Id: destinations-service.xml 1930 2007-01-09 18:16:04Z timfox $
 -->

<server>

   <!--
      The Default Dead Letter Queue. This destination is a dependency of an EJB MDB container.
   -->

   <mbean code="org.jboss.jms.server.destination.QueueService"
      name="jboss.messaging.destination:service=Queue,name=DLQ"
      xmbean-dd="xmdesc/Queue-xmbean.xml">
      <depends optional-attribute-name="ServerPeer">jboss.messaging:service=ServerPeer</depends>
      <depends>jboss.messaging:service=PostOffice</depends>
   </mbean>
   
   <!--
      The Default Expiry Queue.
   -->

   <mbean code="org.jboss.jms.server.destination.QueueService"
      name="jboss.messaging.destination:service=Queue,name=ExpiryQueue"
      xmbean-dd="xmdesc/Queue-xmbean.xml">
      <depends optional-attribute-name="ServerPeer">jboss.messaging:service=ServerPeer</depends>
      <depends>jboss.messaging:service=PostOffice</depends>
   </mbean>   

   <!--
        Example destinations.

   <mbean code="org.jboss.jms.server.destination.TopicService"
      name="jboss.messaging.destination:service=Topic,name=testTopic"
      xmbean-dd="xmdesc/Topic-xmbean.xml">
      <depends optional-attribute-name="ServerPeer">jboss.messaging:service=ServerPeer</depends>
      <depends>jboss.messaging:service=PostOffice</depends>
      <attribute name="SecurityConfig">
         <security>
            <role name="guest" read="true" write="true"/>
            <role name="publisher" read="true" write="true" create="false"/>
            <role name="durpublisher" read="true" write="true" create="true"/>
         </security>
      </attribute>
   </mbean>

   <mbean code="org.jboss.jms.server.destination.TopicService"
      name="jboss.messaging.destination:service=Topic,name=securedTopic"
      xmbean-dd="xmdesc/Topic-xmbean.xml">
      <depends optional-attribute-name="ServerPeer">jboss.messaging:service=ServerPeer</depends>
      <depends>jboss.messaging:service=PostOffice</depends>
      <attribute name="SecurityConfig">
         <security>
            <role name="publisher" read="true" write="true" create="false"/>
         </security>
      </attribute>
   </mbean>

   <mbean code="org.jboss.jms.server.destination.TopicService"
      name="jboss.messaging.destination:service=Topic,name=testDurableTopic"
      xmbean-dd="xmdesc/Topic-xmbean.xml">
      <depends optional-attribute-name="ServerPeer">jboss.messaging:service=ServerPeer</depends>
      <depends>jboss.messaging:service=PostOffice</depends>
      <attribute name="SecurityConfig">
         <security>
            <role name="guest" read="true" write="true"/>
            <role name="publisher" read="true" write="true" create="false"/>
            <role name="durpublisher" read="true" write="true" create="true"/>
         </security>
      </attribute>
   </mbean>

   <mbean code="org.jboss.jms.server.destination.QueueService"
      name="jboss.messaging.destination:service=Queue,name=testQueue"
      xmbean-dd="xmdesc/Queue-xmbean.xml">
      <depends optional-attribute-name="ServerPeer">jboss.messaging:service=ServerPeer</depends>
      <depends>jboss.messaging:service=PostOffice</depends>
      <attribute name="SecurityConfig">
         <security>
            <role name="guest" read="true" write="true"/>
            <role name="publisher" read="true" write="true" create="false"/>
            <role name="noacc" read="false" write="false" create="false"/>
         </security>
      </attribute>
   </mbean>

   <mbean code="org.jboss.jms.server.destination.QueueService"
      name="jboss.messaging.destination:service=Queue,name=A"
      xmbean-dd="xmdesc/Queue-xmbean.xml">
      <depends optional-attribute-name="ServerPeer">jboss.messaging:service=ServerPeer</depends>
      <depends>jboss.messaging:service=PostOffice</depends>
   </mbean>

   <mbean code="org.jboss.jms.server.destination.QueueService"
      name="jboss.messaging.destination:service=Queue,name=B"
      xmbean-dd="xmdesc/Queue-xmbean.xml">
      <depends optional-attribute-name="ServerPeer">jboss.messaging:service=ServerPeer</depends>
      <depends>jboss.messaging:service=PostOffice</depends>
   </mbean>

   <mbean code="org.jboss.jms.server.destination.QueueService"
      name="jboss.messaging.destination:service=Queue,name=C"
      xmbean-dd="xmdesc/Queue-xmbean.xml">
      <depends optional-attribute-name="ServerPeer">jboss.messaging:service=ServerPeer</depends>
      <depends>jboss.messaging:service=PostOffice</depends>
   </mbean>

   <mbean code="org.jboss.jms.server.destination.QueueService"
      name="jboss.messaging.destination:service=Queue,name=D"
      xmbean-dd="xmdesc/Queue-xmbean.xml">
      <depends optional-attribute-name="ServerPeer">jboss.messaging:service=ServerPeer</depends>
      <depends>jboss.messaging:service=PostOffice</depends>
   </mbean>

   <mbean code="org.jboss.jms.server.destination.QueueService"
      name="jboss.messaging.destination:service=Queue,name=ex"
      xmbean-dd="xmdesc/Queue-xmbean.xml">
      <depends optional-attribute-name="ServerPeer">jboss.messaging:service=ServerPeer</depends>
      <depends>jboss.messaging:service=PostOffice</depends>
   </mbean>
   -->
   
   <!-- It's possible for indiviual queues and topics to use a specific queue for
   an expiry or DLQ
   
   <mbean code="org.jboss.jms.server.destination.QueueService"
      name="jboss.messaging.destination:service=Queue,name=PrivateDLQ"
      xmbean-dd="xmdesc/Queue-xmbean.xml">
      <depends optional-attribute-name="ServerPeer">jboss.messaging:service=ServerPeer</depends>
      <depends>jboss.messaging:service=PostOffice</depends>
   </mbean>
   
   <mbean code="org.jboss.jms.server.destination.QueueService"
      name="jboss.messaging.destination:service=Queue,name=PrivateExpiryQueue"
      xmbean-dd="xmdesc/Queue-xmbean.xml">
      <depends optional-attribute-name="ServerPeer">jboss.messaging:service=ServerPeer</depends>
      <depends>jboss.messaging:service=PostOffice</depends>
   </mbean>      
   
   <mbean code="org.jboss.jms.server.destination.QueueService"
      name="jboss.messaging.destination:service=Queue,name=QueueWithOwnDLQAndExpiryQueue"
      xmbean-dd="xmdesc/Queue-xmbean.xml">
      <depends optional-attribute-name="ServerPeer">jboss.messaging:service=ServerPeer</depends>
      <depends>jboss.messaging:service=PostOffice</depends>
      <attribute name="DLQ">jboss.messaging.destination:service=Queue,name=PrivateDLQ</attribute>
      <attribute name="ExpiryQueue">jboss.messaging.destination:service=Queue,name=PrivateExpiryQueue</attribute>
   </mbean> 
   
   <mbean code="org.jboss.jms.server.destination.TopicService"
      name="jboss.messaging.destination:service=Topic,name=TopicWithOwnDLQAndExpiryQueue"
      xmbean-dd="xmdesc/Topic-xmbean.xml">
      <depends optional-attribute-name="ServerPeer">jboss.messaging:service=ServerPeer</depends>
      <depends>jboss.messaging:service=PostOffice</depends>
      <attribute name="DLQ">jboss.messaging.destination:service=Queue,name=PrivateDLQ</attribute>
      <attribute name="ExpiryQueue">jboss.messaging.destination:service=Queue,name=PrivateExpiryQueue</attribute>
   </mbean>       
   -->
   
   <!-- Queues and Topics can also specify their own redelivery delay
   
   <mbean code="org.jboss.jms.server.destination.QueueService"
      name="jboss.messaging.destination:service=Queue,name=QueueWithOwnRedeliveryDelay"
      xmbean-dd="xmdesc/Queue-xmbean.xml">
      <depends optional-attribute-name="ServerPeer">jboss.messaging:service=ServerPeer</depends>
      <depends>jboss.messaging:service=PostOffice</depends>
      <attribute name="RedeliveryDelay">5000</attribute>
   </mbean>
   
   <mbean code="org.jboss.jms.server.destination.TopicService"
      name="jboss.messaging.destination:service=Topic,name=TopicWithOwnRedeliveryDelay"
      xmbean-dd="xmdesc/Topic-xmbean.xml">
      <depends optional-attribute-name="ServerPeer">jboss.messaging:service=ServerPeer</depends>
      <depends>jboss.messaging:service=PostOffice</depends>
      <attribute name="RedeliveryDelay">5000</attribute>
   </mbean>     
   -->
   <!--
        Example clustered destinations.
   
   <mbean code="org.jboss.jms.server.destination.QueueService"
      name="jboss.messaging.destination:service=Queue,name=testDistributedQueue"
      xmbean-dd="xmdesc/Queue-xmbean.xml">
      <depends optional-attribute-name="ServerPeer">jboss.messaging:service=ServerPeer</depends>
      <depends>jboss.messaging:service=PostOffice</depends>
      <attribute name="Clustered">true</attribute>
   </mbean>   
   
   <mbean code="org.jboss.jms.server.destination.TopicService"
      name="jboss.messaging.destination:service=Topic,name=testDistributedTopic"
      xmbean-dd="xmdesc/Topic-xmbean.xml">
      <depends optional-attribute-name="ServerPeer">jboss.messaging:service=ServerPeer</depends>
      <depends>jboss.messaging:service=PostOffice</depends>
      <attribute name="Clustered">true</attribute>
   </mbean>   
   -->
</server>