<?xml version="1.0" encoding="UTF-8"?>
<!DOCTYPE server PUBLIC
    "-//JBoss//DTD MBean Service 4.2//EN"
    "http://www.jboss.org/j2ee/dtd/jboss-service_4_2.dtd">

<!-- $Id: dcm4chee-exportmanager-service.xml 16152 2011-10-25 10:44:24Z javawilli $ -->

<server>

  <mbean code="org.jboss.jms.server.destination.QueueService"
    name="dcm4chee.archive:service=Queue,name=ExportManager"
    xmbean-dd="xmdesc/Queue-xmbean.xml">
	<attribute name="FullSize">500</attribute>
	<attribute name="PageSize">100</attribute>
	<attribute name="DownCacheSize">100</attribute>
    <depends optional-attribute-name="ServerPeer">jboss.messaging:service=ServerPeer</depends>
    <depends>jboss.messaging:service=PostOffice</depends>
  </mbean>

  <mbean code="org.dcm4chex.archive.tce.ExportManagerService"
    name="dcm4chee.archive:service=ExportManager"
    xmbean-dd="xmdesc/dcm4chee-exportmanager-xmbean.xml">
    <attribute name="QueueName">ExportManager</attribute>
    <depends>dcm4chee.archive:service=AuditLogger</depends>
    <depends optional-attribute-name="QueryRetrieveScpServiceName"
      >dcm4chee.archive:service=QueryRetrieveScp</depends>
    <depends optional-attribute-name="IANScuServiceName"
      >dcm4chee.archive:service=IANScu</depends>
    <depends optional-attribute-name="JMSServiceName"
      >dcm4chee.archive:service=JMS</depends>
    <depends optional-attribute-name="StoreScpServiceName"
      >dcm4chee.archive:service=StoreScp</depends>
    <depends optional-attribute-name="TemplatesServiceName"
      >dcm4chee.archive:service=Templates</depends>
    <depends optional-attribute-name="TLSConfigName"
      >dcm4chee.archive:service=TLSConfig</depends>
    <depends>dcm4chee.archive:service=Queue,name=ExportManager</depends>
  </mbean>
</server>
