<?xml version="1.0" encoding="UTF-8"?>
<!-- $Id: dcm4chee-hl7adt-service.xml 11360 2009-05-13 09:04:42Z gunterze $ -->
<server>
  <classpath codebase="lib" archives="dcm4chee-hl7.jar"/>
  <mbean code="org.dcm4chex.archive.hl7.ADTService"
    name="dcm4chee.archive:service=HL7Service,type=ADT"
    xmbean-dd="xmdesc/dcm4chee-hl7adt-xmbean.xml">
    <depends optional-attribute-name="ContentEditServiceName"
      >dcm4chee.archive:service=ContentEditService</depends>
    <depends optional-attribute-name="HL7ServerName"
      >dcm4chee.archive:service=HL7Server</depends>
    <depends optional-attribute-name="TemplatesServiceName"
      >dcm4chee.archive:service=Templates</depends>
  </mbean>
</server>
