<?xml version="1.0" encoding="UTF-8"?>
<!DOCTYPE server PUBLIC
    "-//JBoss//DTD MBean Service 4.2//EN"
    "http://www.jboss.org/j2ee/dtd/jboss-service_4_2.dtd">

<!-- $Id: dcm4chee-stgcmt-service.xml 16152 2011-10-25 10:44:24Z javawilli $ -->

<server>

  <mbean code="org.jboss.jms.server.destination.QueueService"
    name="dcm4chee.archive:service=Queue,name=StgCmtScuScp" xmbean-dd="xmdesc/Queue-xmbean.xml">
	<attribute name="FullSize">500</attribute>
	<attribute name="PageSize">100</attribute>
	<attribute name="DownCacheSize">100</attribute>
    <depends optional-attribute-name="ServerPeer">jboss.messaging:service=ServerPeer</depends>
    <depends>jboss.messaging:service=PostOffice</depends>
  </mbean>

  <mbean code="org.dcm4chex.archive.dcm.stgcmt.StgCmtScuScpService"
    name="dcm4chee.archive:service=StgCmtScuScp"
    xmbean-dd="xmdesc/dcm4chee-stgcmt-xmbean.xml">
    <attribute name="QueueName">StgCmtScuScp</attribute>
    <!-- TO DO Cannot declare dependency on QueryRetrieveScp
      because QueryRetrieveScp depends itself on StgCmtScuScp -->
    <attribute name="QueryRetrieveScpServiceName"
      >dcm4chee.archive:service=QueryRetrieveScp</attribute>
    <depends optional-attribute-name="AEServiceName"
      >dcm4chee.archive:service=AE</depends>
    <depends optional-attribute-name="DcmServerName"
      >dcm4chee.archive:service=DcmServer</depends>
    <depends optional-attribute-name="TLSConfigName"
      >dcm4chee.archive:service=TLSConfig</depends>
    <depends optional-attribute-name="TemplatesServiceName"
      >dcm4chee.archive:service=Templates</depends>
    <depends optional-attribute-name="JMSServiceName"
      >dcm4chee.archive:service=JMS</depends>
    <depends>dcm4chee.archive:service=Queue,name=StgCmtScuScp</depends>
  </mbean>
</server>
