<?xml version="1.0" encoding="UTF-8"?>
<!DOCTYPE server PUBLIC
    "-//JBoss//DTD MBean Service 4.2//EN"
    "http://www.jboss.org/j2ee/dtd/jboss-service_4_2.dtd">

<server>
  <classpath codebase="lib" archives="dcm4chee.jar"/>
  <mbean code="org.dcm4chex.archive.mbean.CompressionService"
    name="dcm4chee.archive:service=CompressionService"
    xmbean-dd="xmdesc/dcm4chee-compression-xmbean.xml">
    <attribute name="TimerIDCheckFilesToCompress"
      >CheckFilesToCompress</attribute>
    <depends optional-attribute-name="SchedulerServiceName"
      >dcm4chee.archive:service=Scheduler</depends>
    <depends>jboss.j2ee:jndiName=ejb/FileSystemMgt2,service=EJB</depends>
  </mbean>
</server>
