<?xml version="1.0" encoding="UTF-8"?>
<!DOCTYPE server PUBLIC
    "-//JBoss//DTD MBean Service 4.2//EN"
    "http://www.jboss.org/j2ee/dtd/jboss-service_4_2.dtd">

<!-- $Id: dcm4chee-stymgtscu-service.xml 16152 2011-10-25 10:44:24Z javawilli $ -->

<server>

  <mbean code="org.jboss.jms.server.destination.QueueService"
    name="dcm4chee.archive:service=Queue,name=StudyMgtScu" xmbean-dd="xmdesc/Queue-xmbean.xml">
	<attribute name="FullSize">500</attribute>
	<attribute name="PageSize">100</attribute>
	<attribute name="DownCacheSize">100</attribute>
    <depends optional-attribute-name="ServerPeer">jboss.messaging:service=ServerPeer</depends>
    <depends>jboss.messaging:service=PostOffice</depends>
  </mbean>

  <mbean code="org.dcm4chex.archive.dcm.stymgt.StudyMgtScuService"
    name="dcm4chee.archive:service=StudyMgtScu"
    xmbean-dd="xmdesc/dcm4chee-stymgtscu-xmbean.xml">
    <attribute name="QueueName">StudyMgtScu</attribute>
    <depends optional-attribute-name="StudyMgtScpServiceName"
      >dcm4chee.archive:service=StudyMgtScp</depends>
    <depends optional-attribute-name="TLSConfigName"
      >dcm4chee.archive:service=TLSConfig</depends>
    <depends optional-attribute-name="JMSServiceName"
      >dcm4chee.archive:service=JMS</depends>
    <depends>dcm4chee.archive:service=Queue,name=StudyMgtScu</depends>
  </mbean>
</server>
