<?xml version="1.0" encoding="UTF-8"?>
<!DOCTYPE server PUBLIC
    "-//JBoss//DTD MBean Service 4.2//EN"
    "http://www.jboss.org/j2ee/dtd/jboss-service_4_2.dtd">

<!-- $Id: dcm4chee-mcmscu-service.xml 16152 2011-10-25 10:44:24Z javawilli $ -->

<server>

  <mbean code="org.jboss.jms.server.destination.QueueService"
    name="dcm4chee.archive:service=Queue,name=MCMScu" xmbean-dd="xmdesc/Queue-xmbean.xml">
	<attribute name="FullSize">500</attribute>
	<attribute name="PageSize">100</attribute>
	<attribute name="DownCacheSize">100</attribute>
    <depends optional-attribute-name="ServerPeer">jboss.messaging:service=ServerPeer</depends>
    <depends>jboss.messaging:service=PostOffice</depends>
  </mbean>

  <mbean code="org.dcm4chex.archive.dcm.mcmscu.MCMScuService"
    name="dcm4chee.archive:service=MCMScu"
    xmbean-dd="xmdesc/dcm4chee-mcmscu-xmbean.xml">
    <attribute name="QueueName">MCMScu</attribute>
    <depends optional-attribute-name="JMSServiceName"
      >dcm4chee.archive:service=JMS</depends>
    <depends optional-attribute-name="SendmailServiceName"
      >dcm4chee.archive:service=Sendmail</depends>
    <depends optional-attribute-name="SchedulerServiceName"
      >dcm4chee.archive:service=Scheduler</depends>
    <depends optional-attribute-name="TLSConfigName"
      >dcm4chee.archive:service=TLSConfig</depends>
    <depends>dcm4chee.archive:service=Queue,name=MCMScu</depends>
    <!-- To avoid NameNotBoundExceptions during server startup. MUST be
	   removed, if the service is NOT deployed in the same jboss instance
	   as the MediaComposer EJB!
	   -->
    <depends>jboss.j2ee:jndiName=ejb/MediaComposer,service=EJB</depends>
    <attribute name="TimerIDCheckForMediaToBurn">CheckForMediaToBurn</attribute>
    <attribute name="TimerIDCheckForStudiesToSchedule"
      >CheckForStudiesToSchedule</attribute>
    <attribute name="TimerIDCheckMediaStatus">CheckMediaStatus</attribute>
  </mbean>
</server>
