<?xml version="1.0" encoding="UTF-8"?>
<!-- $Id: dcm4chee-syncfilestatus-service.xml 14767 2011-01-26 12:57:31Z javawilli $ -->
<server>
  <classpath codebase="lib" archives="dcm4chee.jar"/>
  <mbean code="org.dcm4chex.archive.hsm.SyncFileStatusService" 
	  name="dcm4chee.archive:service=SyncFileStatus"
	  xmbean-dd="xmdesc/dcm4chee-syncfilestatus-xmbean.xml">
	  <depends optional-attribute-name="SchedulerServiceName"
      >dcm4chee.archive:service=Scheduler</depends>
      <depends optional-attribute-name="TarRetrieverName"
      >dcm4chee.archive:service=TarRetriever</depends>
      <!-- To avoid NameNotBoundExceptions during server startup. MUST be
	    removed, if the service is NOT deployed in the same jboss instance
	    as the FileSystemMgt EJB!
	  -->
    <depends>jboss.j2ee:jndiName=ejb/FileSystemMgt2,service=EJB</depends>
    <attribute name="TimerIDCheckSyncFileStatus">CheckSyncFileStatus</attribute>
  </mbean>

</server>


