<?xml version="1.0" encoding="UTF-8"?>
<!-- $Id: dcm4chee-qrscp-service.xml 17407 2012-11-08 14:09:06Z javawilli $ -->
<server>
  <classpath codebase="lib" archives="dcm4chee.jar"/>
  <mbean code="org.dcm4chex.archive.dcm.qrscp.QueryRetrieveScpService"
    name="dcm4chee.archive:service=QueryRetrieveScp"
    xmbean-dd="xmdesc/dcm4chee-qrscp-xmbean.xml">
    <depends optional-attribute-name="AEServiceName"
      >dcm4chee.archive:service=AE</depends>
    <depends>dcm4chee.archive:service=AuditLogger</depends>
    <depends optional-attribute-name="TLSConfigName"
      >dcm4chee.archive:service=TLSConfig</depends>
    <depends optional-attribute-name="DcmServerName"
      >dcm4chee.archive:service=DcmServer</depends>
    <depends optional-attribute-name="DicomSecurityServiceName"
      >dcm4chee.archive:service=DicomSecurity</depends>
    <depends optional-attribute-name="StgCmtScuScpName"
      >dcm4chee.archive:service=StgCmtScuScp</depends>
    <depends>dcm4chee.archive:service=TarRetriever</depends>
    <depends optional-attribute-name="TemplatesServiceName"
      >dcm4chee.archive:service=Templates</depends>
    <depends optional-attribute-name="PixQueryServiceName"
      >dcm4chee.archive:service=PIXQuery</depends>
  </mbean>
</server>
