<?xml version="1.0" encoding="UTF-8"?>
<!-- $Id: dcm4chee-wado-service.xml 14202 2010-10-25 12:08:49Z javawilli $ -->
<server>
  <classpath codebase="lib" archives="dcm4chee.jar"/>
  <mbean code="org.dcm4chex.wado.mbean.WADOService"
    name="dcm4chee.archive:service=WADOService"
    xmbean-dd="xmdesc/dcm4chee-wado-xmbean.xml">
    <depends optional-attribute-name="StoreScpServiceName"
      >dcm4chee.archive:service=StoreScp</depends>
    <depends>dcm4chee.archive:service=AuditLogger</depends>
    <depends optional-attribute-name="QueryRetrieveScpName"
      >dcm4chee.archive:service=QueryRetrieveScp</depends>
    <depends optional-attribute-name="MoveScuServiceName"
      >dcm4chee.archive:service=MoveScu</depends>
    <depends optional-attribute-name="SchedulerServiceName"
      >dcm4chee.archive:service=Scheduler</depends>
    <attribute name="TimerID">CheckFreeDiskSpaceWado</attribute>
  </mbean>
</server>
