<?xml version="1.0" encoding="UTF-8"?>
<!DOCTYPE server PUBLIC
    "-//JBoss//DTD MBean Service 4.2//EN"
    "http://www.jboss.org/j2ee/dtd/jboss-service_4_2.dtd">

<server>
  <classpath codebase="lib" archives="dcm4chee.jar"/>
  <mbean code="org.dcm4chex.archive.mbean.LossyCompressionService"
    name="dcm4chee.archive:service=LossyCompressionService"
    xmbean-dd="xmdesc/dcm4chee-lossycompression-xmbean.xml">
    <attribute name="FileSystemMgtServiceNamePrefix"
      >dcm4chee.archive:service=FileSystemMgt,group=</attribute>
    <attribute name="TimerIDCheckFilesToCompress"
      >CheckFilesToLossyCompress</attribute>
    <depends optional-attribute-name="SchedulerServiceName"
      >dcm4chee.archive:service=Scheduler</depends>
    <depends optional-attribute-name="StoreScpServiceName"
      >dcm4chee.archive:service=StoreScp</depends>
  </mbean>
</server>
