<?xml version="1.0" encoding="UTF-8"?>

<!-- ===================================================================== -->
<!--                                                                       -->
<!--  JBoss Server Configuration                                           -->
<!--                                                                       -->
<!-- ===================================================================== -->

<!-- $Id: pacs-mssql-ds.xml 5176 2007-09-26 21:06:47Z gunterze $ -->

  <!-- ======================================================================-->
  <!-- New ConnectionManager setup for Microsoft SQL Server 2000  driver     -->
  <!-- You may download the latest Microsoft JDBC driver from *Microsoft*    -->
  <!-- http://msdn.microsoft.com/downloads/default.asp?url=/downloads/sample.asp?url=/MSDN-FILES/027/001/779/msdncompositedoc.xml&frame=true -->
  <!-- ===================================================================== -->

<datasources>
  <local-tx-datasource>
    <jndi-name>pacsDS</jndi-name>
    <connection-url>jdbc:jtds:sqlserver://localhost:1433;DatabaseName=pacsdb</connection-url>
    <driver-class>net.sourceforge.jtds.jdbc.Driver</driver-class>
    <user-name>pacs</user-name>
    <password>pacs</password>
        <!-- sql to call when connection is created
        <new-connection-sql>some arbitrary sql</new-connection-sql>
        -->

        <!-- sql to call on an existing pooled connection when it is obtained from pool 
        <check-valid-connection-sql>some arbitrary sql</check-valid-connection-sql>
        -->

      <!-- corresponding type-mapping in the standardjbosscmp-jdbc.xml (optional) -->
      <metadata>
         <type-mapping>MS SQLSERVER2000</type-mapping>
      </metadata>
  </local-tx-datasource>

</datasources>
