<?xml version="1.0" encoding="UTF-8"?>
<!DOCTYPE server PUBLIC
    "-//JBoss//DTD MBean Service 4.2//EN"
    "http://www.jboss.org/j2ee/dtd/jboss-service_4_2.dtd">

<!-- $Id: $ -->

<server>

  <mbean code="org.jboss.jms.server.destination.QueueService"
    name="dcm4chee.archive:service=Queue,name=DeleteStudy"
    xmbean-dd="xmdesc/Queue-xmbean.xml">
	<attribute name="FullSize">500</attribute>
	<attribute name="PageSize">100</attribute>
	<attribute name="DownCacheSize">100</attribute>
    <depends optional-attribute-name="ServerPeer">jboss.messaging:service=ServerPeer</depends>
    <depends>jboss.messaging:service=PostOffice</depends>
  </mbean>

  <mbean code="org.dcm4chex.archive.mbean.DeleteStudyService"
      name="dcm4chee.archive:service=DeleteStudy"
      xmbean-dd="xmdesc/dcm4chee-delstudy-xmbean.xml">
    <attribute name="DeleteStudyQueueName">DeleteStudy</attribute>
    <depends optional-attribute-name="JMSServiceName"
      >dcm4chee.archive:service=JMS</depends>
    <depends>dcm4chee.archive:service=Queue,name=DeleteStudy</depends>
    <depends>jboss.j2ee:jndiName=ejb/FileSystemMgt2,service=EJB</depends>
  </mbean>

</server>
