<?xml version="1.0" encoding="UTF-8"?>
<!-- $Id: dcm4chee-stymgtscp-service.xml 12275 2009-10-12 07:07:31Z javawilli $ -->
<server>
  <classpath codebase="lib" archives="dcm4chee.jar"/>
  <mbean code="org.dcm4chex.archive.dcm.stymgt.StudyMgtScpService"
    name="dcm4chee.archive:service=StudyMgtScp"
    xmbean-dd="xmdesc/dcm4chee-stymgtscp-xmbean.xml">
    <!-- TO DO Cannot declare dependency on ContentEditService because
         ContentEditService depends on StudyMgtScu which depends itself
         on StudyMgtScp -->
    <attribute name="ContentEditServiceName"
      >dcm4chee.archive:service=ContentEditService</attribute>
    <depends optional-attribute-name="AEServiceName"
      >dcm4chee.archive:service=AE</depends>
    <depends>dcm4chee.archive:service=AuditLogger</depends>
    <depends optional-attribute-name="DcmServerName"
      >dcm4chee.archive:service=DcmServer</depends>
  </mbean>
</server>
